partner_id,partner_name
1,Uncoded
29529,Agriculture and Agri-Food Canada
29530,Micro Enterprise Financing Limited
29531,PAMECAS - Partenariat pour la mobilisation de l'épargne et le crédit au Sénégal
29532,CRC Sogema Inc.
29533,High Commission of Canada to Pakistan
29534,Cowater International Inc.
29535,High Commission of Canada to Cameroon
29536,SOCODEVI - Canadian Cooperation Society for International Development
29537,Canadian Bar Association
29538,Development and Peace
29539,IBRD - International Bank for Reconstruction and Development
29540,Representative Office of Canada to the Palestinian Authority
29541,Consortium : Groupe Consultation CCISD (GCC) et MIR Partenariats et développement international
29542,CÉRAC Inc.
29543,UNICEF - United Nations Children's Fund
29544,Embassy of Canada to Peru
29545,Alinea International Ltd
29546,African Union
29547,CARE Canada
29548,WHO - World Health Organization - Regional Office for Africa
29549,GRATIS - Ghana Regional Appropriate Technology Industrial Services
29550,IDRC - International Development Research Centre
29551,IBM Canada Ltd.
29552,Hydrosult Inc.
29553,Private Sector Commission of Guyana Limited
29554,WUSC - World University Service of Canada
29555,McGill University
29556,OAS - Organization of American States
29557,Government of the Philippines - Philippines Commission on Women
29558,Government of Ghana
29559,Government of Burkina Faso - Ministry of Economy and Finance
29560,Registered Trustees of the Financial Sector Deepening Trust
29561,Government of Ghana
29562,PAHO - Pan American Health Organization
29563,Canada School of Public Service
29564,Local Funds Management Center
29565,High Commission of Canada in Malawi
29566,Semiotics Consultants (Pvt.) Limited / Bunyad Foundation
29567,Conference Board of Canada
29568,Asian Institute of Technology
29569,FIT - Foundation for International Training
29570,CHUM - Centre Hospitalier de l'Université de Montréal
29571,CECI - Centre for International Studies and Cooperation
29572,High Commission of Canada to Ghana and Togo
29573,Salasan Consulting Inc.
29574,National Judicial Institute
29575,New Era Consulting
29576,SUCO-Solidarité Union Coopération
29577,PSI - Population Services International
29578,IBRD Trust Funds - World Bank
29579,Public Works and Government Services Canada - Consulting and Audit Canada
29580,Asia - Program Support Unit
29581,Government of Bolivia – Ministry of Health and Sport
29582,Groupe Conseil CAC International Inc.
29583,Fondo Nacional de Inversion Productiva y Social
29584,Sagem Sécurité
29585,High Commission of Canada to South Africa
29586,Save the Children Canada
29587,Embassy of Canada to Ethiopia and Djibouti
29588,Asian Development Bank
29589,Organisation of Eastern Caribbean States
29590,CIMMYT - International Maize and Wheat Improvement Center
29591,GIZ - German Society for International Cooperation
29592,Embassy of Canada to Rwanda
29593,CCISD - Center for International Cooperation in Health and Development
29594,"Roche Ltd, Consulting Group"
29595,Mennonite Economic DevelopmentAssociates of Canada
29596,High Commission of Canada in Jamaica
29597,Colleges and Institutes Canada (previously named ACCC)
29598,High Commission of Canada to Barbados
29599,Canadian Petroleum Institute
29600,Embassy of Canada in Cuba
29601,Government of Zambia - Ministry of Health
29602,International Lawyers and Economists Against Poverty
29603,UNDP - United Nations Development Programme - Haiti
29604,Government of Tanzania - Ministry of Finance
29605,Independent First Nations Alliance
29606,Metis National Council
29607,Native Women Association of Canada
29608,Brokenhead Ojibway Nation
29609,National Native Addictions Partnership Foundation Inc.
29610,Embassy of Canada to Democratic Republic of Congo
29611,Centre de coopération internationale en santé et développement Consortium CCISD-CHUM
29612,SNC-Lavalin Group Inc.
29613,CIDE - Consortium for International Development in Education
29614,Statistics Canada
29615,SNC-Lavalin Group Inc.
29616,High Commission of Canada in India
29617,UNDP - United Nations Development Programme
29618,Defensoria del Pueblo - Peru
29619,National Center for Human Resources Development
29620,"Consortium CECI,CRC Sogema, ENAP et SOCODEVI"
29621,Consortium Oxfam-Québec / CRC Sogema Inc.
29622,Government of Senegal - Ministry of Economy and Finance
29623,ECOWAS - Economic Community of West African States
29624,Consorcio de Investigación Económica y Social
29625,Embassy of Canada to Burkina Faso
29626,Government of Vietnam - Ministry of Education and Training
29627,Niger Basin Authority
29628,IITA - International Institute for Tropical Agriculture
29629,Rural Reconstruction Nepal
29630,Government of the Netherlands - Ministry of Foreign Affairs
29631,Hydro-Québec
29632,GRM International
29633,"Government of Nicaragua - Ministry of Education, Culture and Sports"
29634,Government of Honduras - Ministry of Education
29635,Government of Senegal - Ministry of Education
29636,IDB - Inter-American Development Bank
29637,Government of Mozambique - Ministry of Agriculture and Rural Development
29638,ILRI - International Livestock Research Institute
29639,Government of Mozambique - Ministry of Education and Culture
29640,Tecsult International Limited
29641,McElhanney Consulting Services Ltd.
29642,Université Laval
29643,Université de Montréal
29644,People's Committee of SocTrang Province
29645,INTERNATIONAL CENTRE TROPICALAGRICULTURE
29646,Foreign Affairs and International Trade Canada
29647,World Bank
29648,Government of Mozambique - Ministry of Health
29649,Government of the United Kingdom - DFID - Department for International Development
29650,ECOFONDO
29651,Consortium CECI - Experco International
29652,Oxfam-Québec
29653,Government of Mali – Ministry of Health
29654,Geospatial International Pty Ltd.
29655,Aga Khan Foundation Canada
29656,Embassy of Canada to Bolivia
29657,Defensoria del Pueblo - Bolivia
29658,"Government of Mali - Ministry of Labour, Public Service and State Reform"
29659,CILSS - Comité permanent inter-états de lutte contre la sécheresse dans le Sahel
29660,PDM - Partenariat pour le Développement Municipal
29661,Conselho Nacional de Combate ao HIV/SIDA
29662,People's Committee of Ha Tinh Province (Vietnam)
29663,African Development Bank Group
29664,"People's Committee of Tra Vinh Province, Vietnam"
29665,Consortium SNC Lavalin / Geomar / FAAFNB - Fédération des Agriculreurs et Agricultrices Francophones du Nouveau-Brunswick
29666,Marie Stopes Tanzania
29667,Canadian Cooperation Office - Nepal (Program Support Unit)
29668,High Commission of Canada in Sri Lanka
29669,NAIT - Northern Alberta Institute of Technology
29670,UNDP - United Nations Development Programme - Cuba
29671,IFPRI – International Food Policy Research Institute
29672,Oxfam Canada
29673,Caribbean Community (CARICOM) Secretariat
29674,Federation of Canadian Municipalities
29675,Cuso International
29676,Consortium SOCODEVI / CECI Universite of Sherbrooke
29677,Embassy of Canada to Morocco and Mauritania
29678,"Embassy of Canada to Costa Rica, Nicaragua and Honduras"
29679,UNFPA - United Nations Population Fund
29680,CIAT - International Center for Tropical Agriculture
29681,Hospice and Palliative Care Association of South Africa
29682,Government of Tanzania
29683,Consortium CRC Sogema and Cowater International Inc.
29684,CMHC - Canada Mortgage and Housing Corporation
29685,Yayasan - WWF - World Wildlife  Fund - Indonesia
29686,DID - Développement international Desjardins
29687,Government of the Netherlands - Ministry of Foreign Affairs
29688,SPO - Strengthening Participatory Organization
29689,Government of South Africa - National Treasury - International Development Cooperation
29690,University of Pretoria
29692,Consortium Tecsult/TrigenexLGL S.A.
29693,FAO - Food and Agriculture Organization of the United Nations
29694,"Association entre CRC Sogema,UQTR, l'Université de Sherbrooke et le Collège de Maisonneuve Sherbrooke et le Collège de Maisonneuve"
29695,Agence Intergouvernementale de laFrancophonie
29696,Confédération des Institutions Financières d'Afrique de l'Ouest
29697,IUCN - International Union for Conservation of Nature
29698,Plan International Canada
29699,SeedChange
29700,SDC - Swiss Agency for Development and Cooperation
29701,Université de Montréal - CHUM - Centre hospitalier de l'Université de Montréal - Unité de santé internationale
29702,"United Nations - Office of the Programme Planning, Budget and Accounts"
29703,"Embassy of Canada to Zimbabwe, Angola and Botswana"
29704,Caribbean Disaster Emergency Management Agency
29705,Canadian Red Cross
29706,University of the West Indies
29707,Public Health Agency of Canada
29708,WHO - World Health Organization
29710,Whyte Reynolds International Inc.
29711,Government of Mali - Ministry of the Economy and Finances
29712,Université du Québec en Outaouais
29713,Consortium -CECI - Center for International Studies and Cooperation; and CCISC Center for International Cooperation in Health and Development
29714,Environmental Quality International
29715,Experco International
29716,University of Windsor
29717,Collège Montmorency
29718,High Commission of Canada in Mozambique
29719,SNC-Lavalin Group Inc.
29720,Government of Vietnam - Ministry of Finance
29721,Canadian Urban Institute
29722,Doctors of the World Canada
29723,Embassy of Canada to the Philippines
29724,Embassy of Canada to Colombia
29725,ILO - International Labour Organization
29726,Department of Justice Canada
29727,OECD - Organisation for Economic Co-operation and Development
29728,High Commission of Canada in Tanzania
29729,IMF – International Monetary Fund
29730,Simon Fraser University
29731,Embassy of Canada in Kazakhstan
29732,UNDP South East Asia HIV and Development Programme / UNOPS
29733,Oxfam GB
29734,GENIVAR
29735,Canadian Hunger Foundation
29736,CIFA GP Limited
29737,Foundation for Civil Society
29738,High Commission of Canada to Kenya
29739,Rights and Democracy
29740,Canadian Red Cross
29741,Government of Kenya - Ministry of Finance
29742,High Commission of Canada to Nigeria
29743,Inter-American Organization for Higher Education
29744,Inter-American Children's Institute
29745,Inter-American Dialogue
29746,Ministério das FinançasRepublic de Mozambique
29747,BRAC
29748,ENAP - École nationale d'administration publique
29749,Parliamentary Centre
29750,AMREF - African Medical and Research Foundation
29751,HRSDC - Human Resources and Skills Development Canada / Service Canada
29752,Consortium FIT - Foundation for International Training and CECI - Center for International Studies and Cooperation
29753,Institute of Public Administration of Canada
29754,Justice Studies Center of the Americas (JSCA)
29755,Embassy of Canada to Ecuador
29756,Embassy of Canada in Venuzuela
29757,"Embassy of Canada to Costa Rica, Nicaragua and Honduras"
29758,Embassy of Canada to Niger
29759,Embassy of Canada to Argentina and Paraguay
29760,Embassy of Canada to Chile
29761,Embassy of Canada to Argentina and Paraguay
29762,Embassy of Canada to Uruguay
29763,Embassy of Canada to Brazil
29764,RATN - Regional AIDS Training Network
29765,Government of Kenya - Department for International Development
29766,ESAA - Environmental Services Association of Alberta
29767,Government of Nicaragua - Ministry of Energy and Mines
29768,Canada Border Services Agency
29769,C2D Services Inc.
29770,"Government of Senegal - Ministry of Preschool, Elementary and Middle High School Education, and of National Languages"
29771,Natural Resources Canada
29772,GTZ - German Agency for Technical Cooperation
29773,"icddr,b"
29774,"Perrault, Michel J."
29775,Caribbean Development Bank
29776,Irish Aid (Embassy of Ireland)
29777,Project Services International Inc.PLAN:NET Limited
29778,ECA - United Nations Economic Commission for Africa
29779,Enablis Entrepreneurial Network
29780,ITC - International Trade Centre
29781,Save the Children Canada
29782,Government of Mali - Ministry of Territorial Administration and Local Communities
29783,IICRD - International Institute forChild Rights and DevelopmentCentre for Global Studies
29784,CDM Constructor's Inc.
29785,Southern African AIDS Trust
29786,CODE - Canadian Organization for Development Through Education
29787,East African Community
29788,John Roper and Associates
29790,ABANTU for Development
29791,Government of Honduras - Ministry of Finance
29792,Government of Tanzania - Ministry of Justice and Constitutional Affairs
29793,Government of Tanzania - President's Office - Public Service Management
29794,IFC - International Finance Corporation
29797,Malawi Program Support Unit
29798,UNMAS - United Nations Mine Action Service
29799,Building Markets International
29800,UN-HABITAT - United Nations Human Settlements Programme
29801,CANADEM
29802,CAAF – Canadian Audit and Accountability Foundation
29803,WFP - World Food Programme
29804,Sarhad Rural Support Program
29805,Equitas - International Centre for Human Rights Education
29806,National Organization for Legal Assistance
29807,TEN/MET - Tanzania Education Network / Mtandao wa Elimu Tanzania
29808,WiLDAF - Women in Law and Development in Africa
29809,ACORD - Agency for Co-operation and Research in Development
29810,Government of Honduras - Ministry of Technical and International Cooperation
29811,Government of Guatemala
29812,Viva Rio
29813,UNDP - United Nations Development Programme - Zambia
29814,IDEA - International Institute for Democracy and Electoral Assistance
29815,INTOSAI Development Initiative
29816,Institute for Democracy in South Africa
29817,Canadian Council on Africa
29818,Consortium Save the Children & Norwegian Refugee Council
29819,OHCHR - United Nations Office of the High Commissioner for Human Rights
29820,Micronutrient Initiative
29821,Inter-American Institute for Cooperation on Agriculture
29822,CICIG - International Commission Against Impunity in Guatemala
29823,IOM – International Organization for Migration
29825,Consortium Cowater International Inc. & The Institute of Public Administration of Canada
29826,Policy Forum
29827,Justice Education Society of British Columbia
29828,Ghana Center for Democratic Development
29829,Carter Center
29830,Commonwealth Secretariat
29831,PLAN:NET Limited
29833,Eastern Caribbean Central Bank
29834,UNCDF - United Nations Capital Development Fund
29835,National Democratic Institute
29836,Embassy of Canada to Senegal
29837,Consortium CIDE (Consortium for International Development in Education) and Commission scolaire des Grandes-Seigneuries
29838,War Child Canada
29840,UN Women
29841,"Economic Relations Division Ministry of Finance, Government of the People's Republic of Bangladesh"
29842,"Government of Mali - Ministry of Education, Literacy and National Languages"
29843,Government of Mozambique - Ministry of Finance
29844,Corporacion Latinobarometro
29845,Association for Strengthening Agricultural Research in Eastern and Central Africa
29846,University of Saskatchewan
29847,"Embassy of Canada in Karthoum, Sudan"
29848,High Commission of Canada to Zambia
29849,Embassy of Canada to Mali
29850,Embassy of Canada to Côte d'Ivoire
29851,The Asia Foundation
29852,Embassy of Canada to Senegal (Guinea)
29853,"Consortium - CECI, SOCODEVI, UPA-DI"
29854,IFRC - International Federation of Red Cross and Red Crescent Societies
29856,Honduran Foundation of Agricultural Research
29857,Honduran Institute for Coffee
29858,"Consortium CHUM-USI, CARE Canada, CECI"
29859,"Consortium Consultation CCISD, Cégep de Saint-Jérome, Université de Sherbrooke"
29860,European Union
29861,"Alliance agricole international UPA-DI, CECI, SOCODEVI"
29862,Canadian Co-operative Association
29863,UNIDO - United Nations Industrial Development Organization
29864,World Relief Canada
29865,University of Calgary
29866,GRADE - Group for the Analysis of Development
29867,Humanity & Inclusion Canada
29869,"Government of Mali - Ministry of Industry, Investments and Commerce"
29870,Research Institute of the McGill University Health Centre
29871,High Commission of Ghana
29872,"Consortium CECI, EUMC, Fondation Paul Gérin-Lajoie et SACO"
29873,Office du Niger
29874,UNOPS - United Nations Office for Project Services
29875,Consortium DID-FADQDI
29876,Government of Mali - Ministry of State Reform
29877,Government of Mali - Ministry of Justice
29878,UNDP - United Nations Development Programme - Mali
29879,UNDP - United Nations Development Programme - Ethiopia
29880,USAID - United States Agency for International Development
29881,CRCID - Canadian Rotary Collaboration for International Development
29882,World Agroforestry Centre
29883,UNHCR - United Nations High Commissioner for Refugees
29884,World Vision Canada
29886,Groupe WSP Canada Inc
29887,Africa Rice Center (AfricaRice)
29888,Inter Pares
29889,Fondation Paul Gérin-Lajoie
29890,UNDP Emergency Response Division
29891,Embassy of Canada to Haïti
29892,"UNESCO - United Nations Educational, Scientific and Cultural Organization"
29893,Embassy of Canada to Indonesia and Timor-Leste
29894,BaKTI - Bursa Pengetahuan Kawasan Timur Indonesia
29895,ATCO Structures & Logistics Ltd.
29896,Comprehensive Community-Based Rehabilitation in Tanzania
29897,Sikika
29898,High Commission of Canada to Bangladesh
29899,KASHF Foundation
29900,Consortium Cowater Sogema Inc ETSogema Technologies Inc.
29902,Government of Vietnam - Ministry of Finance
29903,Interim Haïti Recovery Commission
29904,Government of Nicaragua
29905,"Consortium FCM, UMQ and the City of Montreal"
29906,OLADE - Latin American Energy Organization
29907,Caribbean-Canada Emerging Leaders Dialogue (CCELD) Canada Inc.
29908,African Medical and Research Foundation (Tanzania)
29910,ICRC - International Committee of the Red Cross
29911,International Rescue Committee
29912,Caribbean Court of Justice
29913,IFES - International Foundation for Electoral Systems
29914,High Commission of Canada in New Zealand
29915,High Commission of Canada in Australia
29916,High Commission of Canada in Guyana
29917,"Embassy of Canada to Costa Rica, Nicaragua and Honduras"
29918,Embassy of Canada to El Salvador
29919,Embassy of Canada to Guatemala
29920,Embassy of Canada to Mexico
29921,High Commission of Canada to Trinidad and Tobago
29922,Embassy of Canada to Vietnam
29923,Embassy of Canada to Thailand
29924,Embassy of Canada to China
29925,Tanzania Minerals Audit Agency
29926,Dalhousie University International Research and Development
29927,DOT - Digital Opportunity Trust
29929,ENATREL - Empresa Nacional de Transmisión Eléctrica
29930,CANADIAN FEED THE CHILDREN INC.
29931,Clinton Health Access Initiative
29932,Catholic Relief Services
29933,"Consortium CECI, ENAP, Avocat sansfrontières"
29934,TradeMark East Africa
29935,ALNAP - Active Learning Network for Accountability and Performance in Humanitarian Action
29936,St. Francis Xavier University - Coady International Institute
29937,IFAD - International Fund for Agricultural Development
29938,Toronto Centre
29939,African Legal Support Facility
29940,FHI 360
29941,Community Foundations of Canada
29942,GEF - Global Environmental Facility
29943,TFO Canada
29944,UNESCO Institute for Statistics
29945,MCC - Mennonite Central Committee Canada
29946,International Federation of the Red Cross and Red Crescent Societies (IFRC) Appeals via the Canadian Red Cross Society (CRCS)
29947,Population Media Center
29948,Action Against Hunger
29949,Norwegian Refugee Council
29950,OCHA - United Nations Office for the Coordination of Humanitarian Affairs
29951,HakiElimu
29952,CGIAR
29953,AUF - Agence universitaire de laFrancophonie
29954,Government of Jordan
29955,Right To Play International
29956,Mercy Corps
29957,OSCE - Organization for Security and Co-operation in Europe
29958,IATI – International Aid Transparency Initiative
29959,International AIDS Society
29960,Internews Network
29961,RED Communication Center for research on Development Communication
29962,Humanitarian Coalition
29963,Global Alliance for Improved Nutrition
29964,UNAIDS - Joint United Nations Programme on HIV/AIDS
29965,Alberta Council for GlobalCooperation
29966,Association québécoise des organismes de coopération internationale
29967,Atlantic Council for International Cooperation
29968,British Columbia Council for International Cooperation
29969,Manitoba Council for International Cooperation
29970,Ontario Council for International Cooperation
29971,Saskatchewan Council forInternational Cooperation
29972,Yukon Development Education Centre
29973,Overseas Development Institute
29974,CLWR - Canadian Lutheran World Relief
29975,CBIE - Canadian Bureau for International Education
29976,Jhpiego
29977,UNICEF CANADA
29978,Doctors Without Borders
29979,"Global Fund to Fight AIDS, Tuberculosis & Malaria"
29980,Samaritan's Purse Canada
29981,"Gavi, The Vaccine Alliance"
29982,HOPE InternationalDevelopment Agency
29983,WHO - Stop TB Partnership
29984,ADRA - Adventist Development and Relief Agency Canada
29985,CHILDREN BELIEVE FUND
29986,Carleton University
29987,"Global Medic, David McAntony Gibson Foundation"
29988,Humanity First Canada
29989,World Renew
29990,International Republican Institute
29991,European Endowment for Democracy
29992,Forum of Federations
29993,Solidarity Fund PL
29994,The Hospital for Sick Children
29995,GDN - Global Development Network
29996,WaterCan
29997,IDE Canada
29998,Éducation International-Coopérative de Services de Développement et
29999,CUSO
30000,Girls Not Brides
30001,The Royal Commonwealth Society
30002,United Nations Office for ProjectServices: Stop TB Partnership
30003,International Organisation of La Francophonie
30004,"UNU-INWEH - United Nations University - Institute for Water, Environment and Health"
30005,Multilateral Fund for the Implementation of the Montreal Protocol
30006,University of British Columbia
30007,Douglas College
30008,University of Victoria
30009,Centre de Solidarité Internationaledu Saguenay-Lac-Saint-Jean
30010,Comité de Solidarité Trois-Rivières
30011,L'AMIE
30012,Canada World Youth
30013,VIDEA - Victoria International Development Education Association
30014,Interagency Coalition on AIDS and Development
30015,The Humber College Institute of Technology and Advanced Learning
30016,University of Toronto
30017,Memorial University of Newfoundland
30018,Carrefour de solidarité internationale
30019,UPA DI - Union des producteurs agricoles - développement international
30020,CESO - Canadian Executive Service Organization
30021,Canadian Crossroads International
30022,Terre sans frontières
30023,Veterinarians Without Borders
30024,Engineers Without Borders
30025,Avocats Sans Frontières Canada
30026,Mines Advisory Group
30027,Doctors of the World
30028,The Center for Strategic andInternational Studies
30029,Canadian Society for International Health
30030,University of Waterloo
30031,International Bureau for Children'sRights/Bureau international desdroits des enfants
30032,Artisanal Gold Council
30033,Expertise France
30034,Agency for Technical Cooperation and Development
30035,Johns Hopkins University
30036,Global Development Incubator
30037,World Economic Forum
30038,Center for Global Development
30039,Global Partnership for Education c/o World Bank
30040,The Center for Global Healthand Diplomacy
30041,L'Oeuvre Léger
30042,United Nations Organization
30043,The Rotary Foundation (Canada)
30044,Croix-Rouge française
30045,Grand Challenges Canada
30046,effect:hope
30047,HealthBridge Foundation of Canada
30048,Development and Peace
30049,Concern Worldwide
30050,ParlAmericas - Parliamentarians for the Americas
30051,Institute on Governance
30052,OSG - Office of the SecretaryGeneral
30053,The HALO Trust
30054,Green Climate Fund
30055,New Brunswick Community College
30056,"Copenhagen Consensus Center USA, Inc"
30057,COL - Commonwealth of Learning
30058,IISD - International Institute for Sustainable Development
30059,MOPAN - Multilateral OrganizationsPerformance Assessment Network
30060,CIFAR – Canadian Institute for Advanced Research
30061,International Centre for Trade and Sustainable Development
30062,"RENEW International Canada, Ltd."
30063,Transparency International
30064,JHR - Journalists for Human Rights
30065,Inter-Parliamentary Union
30066,Convergence Blended Finance Inc.
30067,Global Centre for Pluralism
30068,Action Against Hunger (ACF) - France
30069,University of British Columbia - Office of Research Services
30070,Foundation Suisse de Déminage
30071,HD Centre - Centre for Humanitarian Dialogue
30072,Crop Trust
30073,Geneva International Centre for Humanitarian Demining
30074,University for Peace
30075,Trust Fund for Children and Armed Conflict
30076,UN/ISDR - United Nations International Strategy for Disaster Reduction
30077,Canadian Foodgrains Bank
30078,Advance Market Commitments
30079,Emergency Nutrition Network
30080,Central Emergency Response FundCERF
30081,Red Cross International Aid Trust of Canada c/o  International Federation of Red Cross and Red Crescent Societies (IFRC)
30082,International Center forTransitional Justice
30083,Red Cross International Aid Trust of Canada
30084,International Crisis Group
30085,IDRF - International Development and Relief Foundation
30086,International Council of Voluntary Agencies
30087,The Universalia ManagementGroup Inc.
30088,Joint Office for Commonwealth Permanent Missions to the United Nations
30089,HKI - Helen Keller International
30090,International Committee of the Red Cross (ICRC) Appeals via the Canadian Red Cross Society (CRCS)
30091,Malaria Consortium
30092,"Merlin, Medical Emergency Relief International Charitable Trust"
30093,PATH - Program for Appropriate Technology in Health
30094,CPAR - Canadian Physicians for Aid and Relief
30095,DI - Development Initiatives
30096,Government of Denmark
30097,Université catholique de Louvain
30098,HelpAge International
30099,Canadian Institutes of Health Research
30100,Global Agriculture and FoodSecurity Program
30101,Tufts University
30102,UNDP – Peacebuilding Fund (PBF)
30103,WTO - World Trade Organization
30104,Advisory Centre on World Trade Organization Law
30105,French-Speaking World Conference of Ministers for Youth and Sports
30106,CONFEMEN - Conference of Education Ministers of Countries Using French as a Common Language
30107,Focus Humanitarian Assistance Canada
30108,IDEA - International Institute for Democracy and Electoral Assistance
30109,CFTC - Commonwealth Fund for Technical Cooperation
30110,UNCCD - United Nations Convention to Combat Desertification
30111,Least Developed Countries Fund
30112,IAEA - International Atomic Energy Agency
30113,Elizabeth Glaser Pediatric AIDS Foundation
30114,Department of Economic and Social Affairs (DESA)
30115,Forest Carbon Partnership Facility
30116,Save the Children UK
30117,IIC – Inter-American Investment Corporation
30118,Clean Technology Fund
30119,Islamic Relief Canada
30120,Liu Institute for Global Issues
30121,Universalia
30122,Queen Elizabeth Diamond Jubilee Trust
30123,The College of William and Mary
30124,Multilateral Investment Guarantee Agency
30125,Canadian Nurses Association
30126,Canadian Public Health Association
30127,Society of Obstetricians and Gynaecologists of Canada
30128,Canadian Labour Congress
30129,Canadian Baptist Ministries -The Sharing Way
30130,UQAM - Université du Québec à Montréal
30131,University of Guelph
30132,Queen's University
30133,Help the Aged (Canada)
30134,World Literacy Canada
30135,SIM Canada
30136,Telecommunications Executive Management Institute of Canada
30137,COCAMO - Cooperation Canada Mozambique
30138,Farmers Helping Farmers
30139,Nova Scotia Gambia Association
30140,SOPAR
30141,Plan Nagua
30142,Crossroads Christian Communications Inc.
30143,Habitat for Humanity Canada
30144,Shastri Indo-Canadian Institute
30145,Falls Brook Centre (FBC)
30146,Association Québecoise pour l'Avancement des Nations Unies
30147,Secours Tiers-Monde
30148,Project Ploughshares
30149,International Child Care Canada
30150,CAUSE Canada (Christian Aid for Under-Assisted Societies Everywhere)
30151,Collaboration santé internationale
30152,AIM - Africa Inland Mission International
30153,Centre for Affordable Water and Sanitation Technology
30154,One Sky - The Canadian Institute of Sustainable Living
30155,Canadian Friends Service Committee
30156,Operation Eyesight Universal
30157,United Nations Association in Canada
30158,Harmony Foundation Canada
30159,Rainbow of Hope for Children
30160,United Church of Canada
30161,SHARE Agriculture Foundation
30162,FH Canada - Food for the Hungry
30163,Pueblito Canada
30164,Wycliffe Bible Translators of Canada
30165,Fondation Haïti Partage
30166,Université de Montréal - Office of Research Services and Development
30167,Saint Mary's University
30168,University of Regina
30169,Farm Radio International
30170,Maharashtra Seva Samiti Organization
30171,YMCA Canada
30172,Consortium WUSC - World University Service of Canada / CECI - Center for International Studies and Cooperation
30173,Universities Canada
30174,Ghost River Rediscovery Society
30175,Emmanuel International Canada
30176,Centre international de solidarité ouvrière
30177,Impact First International
30178,Amref Health Africa in Canada
30179,International Needs Canada
30180,CSQ - Centrale des syndicats du Québec
30181,Association des chirurgiensdentistes du Québec
30182,SalvAide
30183,Centre Missionnaire Oblat
30184,World Association of Community Radio Broadcasters
30185,Help a Village Effort
30186,Global Aid Network
30187,Street Kids International
30188,Africa Community Technical Service
30189,Nature Canada
30190,Pacific Peoples' Partnership
30191,Canadian Institute of Planners
30192,Chakam School of the Bible Inc.
30193,CAPAIDS Network Inc.
30194,Horizons of Friendship
30195,Save a Family Plan
30196,Canadian Society for Civil Engineering
30197,CIVICUS World Alliance for Citizen Participation
30198,Fondation Crudem
30199,Christian Blind Mission International
30200,World Braille Foundation
30201,Jamaican Self-Help
30202,St. Joseph's Health System
30203,Association pour le développement participé
30204,Dignitas International
30205,Co-Dev - CoDevelopment Canada
30206,North-South Institute
30207,Hincks-Dellcrest Centre
30208,Sovereign Military Hospitaller Order of St. John of Jerusalem of Rhodes and of Malta
30209,Children/Youth as Peacebuilders
30210,ACCES - African Canadian Continuing Education Society
30211,International Centre for Sustainable Cities
30212,World Hope International
30213,Alternatives
30214,Jane Goodall Institute
30215,Rayjon Share Care
30216,ICCIDD - International Council for the Control of Iodine Deficiency Disorders
30217,Rooftops Canada
30218,Change for Children Association
30219,World Neighbours Canada
30220,Canadian Association of General Surgeons
30221,Somali-Canadian Education and Rural Development Organization
30222,University of New Brunswick
30223,ORBIS Canada
30224,Consortium Institut du Nouveau Monde - CIVICUS World Alliance for Citizen Participation
30225,Canadian Network for International Surgery
30226,Tatamagouche Centre
30227,International Centre for the Prevention of Crime
30228,Bulembu International
30229,University of the Fraser Valley
30230,College of the Rockies
30231,University of Alberta
30232,Capilano University
30233,REAP - Resource Efficient Agricultural Production Canada
30234,Office of the Commissioner for Federal Judicial Affairs Canada
30235,International Secretariat for Water
30236,Carrefour Tiers-Monde
30237,Ryan's Well Foundation
30238,Niagara College
30239,YCI - Youth Challenge International
30240,Ghana Rural Integrated Development
30241,Université de Sherbrooke
30242,Memorial University of Newfoundland - International Marine Institute
30243,The University of Winnipeg
30244,Mines Action Canada
30245,Human Rights Internet
30246,SEVA Canada Society
30247,Accountable Development Works Inc.
30248,The Royal Canadian Geographical Society / Canadian Geographic Enterprises
30249,TC2 - Critical Thinking Consortium
30250,World Association for Christian Communication
30251,Fédération professionnelle des journalistes du Québec
30252,Imagine 1 Day International Organization
30253,Disabled Peoples' International
30254,Canadian Women for Women in Afghanistan
30255,SOS Children's Villages Canada
30256,ICASO - International Council of AIDS Service Organizations
30257,Opportunity International Canada
30258,IPPF - International Planned Parenthood Federation
30259,International HIV/AIDS Alliance
30260,University of Calgary - Board of Governors
30261,Primate's World Relief andDevelopment Fund
30262,University of British Columbia - University-Industry Liaison Office
30263,Western University
30264,PWS&D - Presbyterian World Service & Development
30265,University of Manitoba
30266,Canada's History
30267,SIAST - Saskatchewan Institute of Applied Science and Technology
30268,Lundin Foundation
30269,Cégep Garneau
30270,Service d'aide aux jeunes entreprises (SAJE) du Montréal Centre
30271,CACHA - Canada-Africa Community Health Alliance
30272,Consortium TFO Canada and CESO
30273,Women's Empowerment International Foundation
30274,"Buy-A-Net Malaria Prevention Group, Inc."
30275,Canadian Jesuits International
30276,Parkland CLASS
30277,The Wellspring Foundation
30278,Calgary Roman Catholic Separate School District No.1
30279,Calgary Board of Education
30280,Province of New Brunswick - School District 3
30281,Park West School Division
30282,Conseil scolaire catholique et francophone du Sud de l'Alberta
30283,Ottawa-Carleton District School Board
30284,School District of Mystery Lake
30285,Mali - Program Support Unit
30286,York University Centre for International and Security Studies
30287,University of Prince Edward Island
30288,Université de Moncton
30289,Ryerson Polytechnic University
30290,University of SaskatchewanTreasury Department
30291,Ecole Polytechnique Montreal
30292,Vancouver Island University
30293,Goss Gilroy Inc.
30294,College of New Caledonia
30295,Université du Québec à Trois Rivières
30296,UPA DI - Union des producteurs agricoles - Développement international
30297,Cégep de la Gaspésie et des Îles
30298,Children's & Women's Health Centre of British Columbia
30299,OSCE - Organization for Security and Co-operation in Europe
30300,York University - Robarts Centre for Canadian Studies
30301,Embassy of Canada to Ukraine
30302,John A. Carter Environmental Consulting
30303,UNRWA - United Nations Relief and Works Agency for Palestine Refugees in the Near East
30304,EBRD - European Bank for Reconstruction and Development
30305,Canadian Centre on Disability Studies
30306,Wetlands International
30307,UNDP - United Nations Development Programme
30308,El Mobadara
30309,UNDP/PAPP - United Nations Development Programme/Programme of Assistance to the Palestinian People
30310,Embassy of Canada to Jordan and Iraq
30311,UNODC - United Nations Office on Drugs and Crime
30312,Wyndham Forensic Group Inc.
30313,UNCTAD - United Nations Conference on Trade and Development
30314,Consortium SOCODEVI/CCA/IRECUS
30315,CanEd International Inc.
30316,Canadian Embassy to Russia
30317,Embassy of Canada to Azerbaijan
30318,"Embassy of Canada to Hungary, Slovenia and Bosnia and Herzegovina"
30319,"Embassy of Canada to Serbia, Macedonia and Montenegro"
30320,Embassy of Canada to Algeria
30321,Embassy of Canada to Tunisia
30322,Embassy of Canada to Lebanon
30323,Embassy of Canada to Saudi Arabia
30324,Embassy of Canada to Egypt
30325,Canadian International Grains Institute
30326,Council of Europe
30327,Partnership Africa Canada
30328,"Consortium CowaterInternational Inc. CRC Sogema Inc., Roche Ltd. Consult"
30329,Brooklyn College – City University of New York
30333,Nordic International Support Foundation
30334,The Lebanese Organization ofStudies & Training
30335,Solidarités International
30336,Search for Common Ground
30337,Peres Center for Peaceand Innovation
30338,EcoPeace Middle East
30340,United States Department of State
30341,Development Transformations
30342,BDC - Business Development Center
30343,Queen Rania Teacher Academy
30345,The African Institute for Mathematical Sciences
30346,Cégep de Saint-Jérôme
30347,FINCA Canada
30348,Action Against Hunger - Canada
30349,Commission for InternationalJustice and Accountability
30350,Sanad for Peacebuilding Organization
30351,ICMP – International Commission on Missing Persons
30352,GRIP - Group for Research and Information on Peace and security
30353,International PeacebuildingAlliance
30354,Compagnie nationale d'assuranceagricole du Sénégal
30355,UNESCO Institute for Lifelong Learning
30356,Fondation pour l’Institut de HautesEtudes Internationaleset du Développe
30357,Peace Direct
30358,UN DEPT OF POLITICAL AFFAIRS
30359,Terre des Hommes Italy
30360,Global Fund for Disaster Risk Reduc
30361,NATO – North Atlantic Treaty Organization
30362,United Nations Institute for Training and Research (UNITAR)
30363,United Nations Multidimensional Integrated Stabilization Mission in Mali
30364,POTI – Peace Operations Training Institute
30365,Women Deliver
30366,Joint Monitoring and Evaluation Commission
30367,INSTITUTO IGARAPÉ
30368,Justice Africa
30369,INTERNATIONAL ALERT
30370,"International Civil Society ActionNetwork, Inc"
30371,Stichting Mayday Rescue Foundation
30372,University of Ottawa
30373,SOCODEVI & CCISD
30374,Entraide Universitaire Mondiale duCanada (WUSC)
30375,Bow Valley College
30376,Mer et Monde
30377,United Church of Canada: KAIROSInitiatives
30378,ACTED
30379,Asia Pacific Foundation of Canada
30380,Asia-Pacific Economic Cooperation
30381,International Planned Parenthood Federation - Africa Region
30382,Action Against Hunger - Spain
30383,International Medical Corps UK
30384,American Refugee Committee
30385,UNODA-United Nations Office for Disarmament Affairs
30387,Ujamaa Na Watoto WenyaHaki Initiative
30388,Swisscontact
30389,ESCAP - Economic and Social Commission for Asia and the Pacific
30390,Partenariat FCM etVille de Montréal
30391,Consortium Transtec et ServiceOEcuménique d'Entraide
30392,Pathfinder International
30393,UNFPA - United Nations Population Fund
30395,Asian Development Bank
30396,Frannan International Limited
30397,The Shaikh Group
30398,MARIE STOPES INTERNATIONAL LTD.
30399,Ukranian Helsinki Human Rights Union
30400,Voluntary Principles on Security and Human Rights
30401,BBC Media Action
30402,UNITED NATIONS DEVELOPMENT PROGRAMM
30404,Profamilia
30405,Africa Future Canada
30406,TradeMark East Africa
30407,Women’s Learning Partnership for RiDevelopment and Peace
30408,Access Now
30409,Service international des droits del’Homme
30410,Leaders Organization
30411,Soliya Inc.
30412,NOBEL WOMEN'S INITIATIVE
30413,Global Network of Women Peacebuilders
30414,Danish Refugee Council
30416,Geneva Centre for the DemocraticControl of the Armed Forces
30417,Canadian Network for MaternalNewborn and Child Health
30418,Karuna Center for Peacebuilding
30419,The Carter Center
30420,Heartland Alliance International
30421,"Corsortium Transtec S.A., Initiatives Conseil International"
30422,Université de Montréal - Service de l'admission et du recrutement (SAR)
30423,Foreign & Commonwealth Office
30424,Manusher Jonno Foundation (MJF)
30425,CESC - Centro de Aprendizagem e Capacitação da Sociedade Civil
30426,International DevelopmentAssociation
30427,DPO – United Nations Department of Peace Operations
30428,Ukrainian Women’s Fund
30429,World Bank
30430,PartnersGlobal
30431,Umbrella Facility for Gender Equali
30432,Consortium World UniversityService of Canada/ Consultores HODI
30433,Global Innovation Fund
30434,Agronomes et Vétérinaires sans Fron
30435,United Nations Foundation
30436,Papyrus S.A.
30437,Consortium Forex Mali SARL et GID
30438,CHUM-USI CECI
30439,Hivos
30440,International Peace Institute
30441,United Nations MultidimentionalIntergrated Stabilization Mission in the Central African Republic
30442,Fund for Congolese Women
30443,United Nations General Trust Fund
30444,FCM – Federation of Canadian Municipalities
30445,Tostan Inc
30446,Women-Headed Family Empowerment (PEKKA) Foundation
30447,Centre for Peace and Conflict Studi
30448,Commonwealth of Learning
30450,HelpAge International
30452,Action Aid Nigeria
30453,Atlas ULUSLARARASI YARDIM VEKALKINMA DERNEGI
30454,Women’s International Leaguefor Peace and Freedom
30455,WaterAid Canada
30456,Gender Links
30457,Justice Rapid Response
30458,École de Maintien de la Paix Alioune Blondin Bèye
30459,TRIAL International
30460,UNFPA - United Nations Population Fund
30461,Conciliation Resources
30462,New York University
30463,Article 19
30464,Equalit.ie Inc.
30465,United Nations Democracy Fund
30466,Red de Seguridad y Defensa de América Latina Asociación Civil
30467,Partners In Health Canada
30468,TGNP Mtandao
30469,WFT - Women Fund Tanzania
30470,UNDP Multi Donor Trust Fund office
30471,People in Need
30472,Alinea International Ltd
30473,GI Hub - Global Infrastructure Hub
30474,International DevelopmentLaw Organization (IDLO)
30475,UNFPA - United Nations Population Fund
30476,Ipas
30477,AGRA - Alliance for a Green Revolution in Africa
30478,African Women's Development Fund
30479,"Security Council Report, Inc."
30480,Media Focus on Africa
30481,The New Humanitarian
30482,UNICEF - United Nations Children's Fund
30483,Action Canada for Sexual Healthand Rights
30485,TULA FOUNDATION
30486,IM01
30488,Equality Fund
30489,United NationsOffice of Counter-Terrorism
30490,World Federation of United NationsAssociations
30491,Freedom House Inc.
30492,Canadian Teachers' Federation
30493,STICHTING BRAC INTERNATIONAL
30494,IMPACT
30495,SecondMuse
30496,OECD
30497,Physicians for Human Rights
30498,Philippine Business for SocialProgress
30499,Fundacion Ideas Para La Paz
30500,INSTITUTE FOR INTEGRATEDTRANSITIONS
30501,Madre Inc.
30502,Egale Canada Human Rights Trust
30503,PEMBROKE COLLEGE
30504,Georgetown University
30505,"Together for Girls, Inc."
30506,International Commission of Jurists
30507,Partnership for Economic Policy Inc
30508,IDRC - International Development Research Centre
30509,IBRD/World Bank Institute
30510,UPA Développement international
30511,International Bureau for
30512,Inuit Circumpolar Council Canada
30513,Gwich'in Council International
30514,Stichting Women’s Initiativesfor Gender Justice
30515,ETHIOPIAID
30516,"THE INTERNATIONAL WILDERNESSLEADERSHIP FOUNDATION, INC."
30517,Special Tribunal for Lebanon
30518,SEARCH FOR COMMON GROUND
30519,Syrian Legal Development Programme
30520,Center for Applied Research inPartnership with the Orient
30521,Hedayah Centre
30522,"Global Center on CooperativeSecurity, Inc."
30523,Strategic Initiative for Womenin in the Horn of Africa
30524,Residual Special Court forSierra Leone
30525,PACT Inc.Assheton L. Stewart Carter
30526,The Sentinel Project forGenocide Prevention
30527,LES CASQUES BLANCS
30528,Equal Access International
30529,Pact Institute
30530,Schweizerische FriedensstiftungSwisspeace
30531,Developing World Connections Society
30532,International Medical HealthOrganization Canada
30533,the equality effect
30534,Canadian Commercial Corporation
30535,Aktis Strategy Ltd.
30536,Muslims for Human Rights
30537,IMAN Research Consultaion Son. bhd
30538,Women's Refugee Commission
30539,AISHA Association for Women andChild Protection
30540,MA'AN Development Center
30541,Acumen Fund Inc.
30542,The Day AfterLe Jour d’Après
30543,Center for Civil Societyand Democracy
30544,RCMP - Royal Canadian Mounted Police
30545,INTERPOL-International Criminal Police Organization
30546,The International Institute forJustice and the Rule of Law
30547,Gorongosa Project Inc
30548,DEVPAR FINANCIAL CONSULTING LTD
30549,PricewaterhouseCoopers
30550,University of Oxford
30551,Perserikatan Solidaritas Perempuan
30552,Réseau des Défenseurs des DroitsHumains en Afrique Centrale
30553,The Alliance for International Medical Action
30554,Big Bad Boo Studios Inc.
30555,Wilton Park Executive Agency
30556,International Atomic Energy Agency
30557,Verification ResearchTraining and Information Centre
30558,United Nations Interregional Crimeand Justice Research Institute
30559,United States Departmentof Energy
30560,The Royal United Services Institute
30561,Nuclear Threat Initiative Inc
30562,International Atomic Energy AgencyNuclear Security Fund
30563,United Nations Environment Programme (UNEP)
30564,Saferworld
30565,US Dept of Defense
30566,World Institute for Nuclear Security
30567,Development Finance Institute CanadFinDev Canada
30568,Agence Française de Développement
30569,Rocky Mountain Institute
30570,Nesta
30571,North Atlantic Treaty Organization (NATO Headquarters)
30572,European Institute of Peace (EIP)
30573,Collège d’enseignement général et professionnel de la Gaspésie et des
30574,Casa Canadiense - Pueblito Canada
30575,INTERSOS
30576,The AECF
30577,GuarantCo Ltd.
30578,OutRight Action International
30579,Kaleidoscope Diversity Trust
30580,Le Groupe Conseil Baastel Ltée
30843,U.S. Civilian Researchand Development Foundation
30844,ARMS TRADE TREATY SECRETARIAT
30845,Small Arms Survey
30846,U.N. Institute for DisarmamentResearch Unidir A.517
30847,Agence Marocain de Sûréte et Sécurité Nucléaires et Radiologique
30848,Ashesi University LBG
30849,The Graduate Institute of Internati
30850,United Nations Department ofOperational Support
30851,Voluntary Service Overseas
30852,ASSOCIAÇÃO H2N - MELHORANDO VIDAS
30853,Northern Ontario Research Development Ideas and Knowledge
30854,Canadian Association of Midwives
30855,Parliamentarians for Global Action
30856,Parliamentary Forum on SALW
30857,Center for Civilians in Conflict
30858,ASSOCIAÇÃO PROGRESSO
30859,Canadian Food Inspection Agency
30860,CCIC - Canadian Council for International Cooperation
30861,Sterling Swift
30862,APCOM Foundation
30863,SOCODEVI-FPGL (Consortium)
30864,Atlantic Council of the US
30865,Independent DiplomatThe Diplomatic Advisory Group
30866,Chemonics International Inc.
30867,"Front Line, the International Foundation for the Protection of"
30868,UNICEF
30869,UN Capital Development Fund (UNCDF)
30870,"BUILD Fund S.A., SICAV-RAIF"
30871,IIX Global Charitable LimitedIIX Foundation
30872,Control Arms
30873,Centro Internacional de la Papa
30874,Trust for Democratic Educationand Accountability
30875,SHIRKAT GAH -WOMEN'S RESOURCECENTRE
30876,South Asia Partnership Pakistan
30877,Sonke Gender Justice
30878,Fondation Panzi
30879,Independent InvestigativeMechanism for Myanmar
30880,United Nations Department of Political and Peacebuilding Affairs
30881,METROPOLIS
30882,Life and Peace Institute
30883,Berghof Foundation Operations gGmbH
30885,H.L. Education for Peace Limited.
30886,Comunità di S.Egidio ACAP Onlus
30887,World University Services Canada and  Servicio Universitario Mundial del Canada
30888,World Fisheries Trust
30889,Susila Dharma Association (Canada)
30890,Fonds au profit des victimes - CPI
30891,United Nations Office for DisasterRisk Reduction (UNISDR)
30892,Just Associates Inc.
30893,FOS FEMINISTA
30894,Small Enterprise Assistance Funds
30895,Namati Inc.
30896,KARTINI INTERNATIONAL CONSULTINGINC.
30897,African Society Laboratory Medicine
30898,IMPACT Initiatives
30899,Global Green Growth Institute
30900,The African Guarantee Fund for Small and Medium Enterprises Ltd.
30902,Reach Out Cameroon
30903,President and Fellows of HarvardCollege Office for Sponsored
30904,CENTRE DES HAUTES ETUDESDE DEFENSE ET DE SECURITE
30905,Energy Access Relief Fund B.V.
30906,International Campaign to BanLandmines
30907,Canada Mathare Education Trust
30908,International Initiative for Impact Evaluation (3ie)
30909,Jordan Armed Forces
30910,Hang Phalla
30911,Ung Eang
30912,Mme.Zineb El Faicali
30913,Mavil Lopez Casamichana
30914,Oscar Villegas Pavez
30915,World Accord - InternationalDevelopment Agency
30916,Raising the Village Incorporated
30917,World Organization for Animal Health
30918,Organisation for the Prohibition of Chemical Weapons
30919,Global Public Policy Institute
30920,Institut Pasteur du Laos
30921,Tapuah – The Association to Advance the Era of Technology in Israel
30922,Terrestrial Jerusalem R/A
30923,Caribbean Community Climate Change
30924,MCMASTER UNIVERSITY
30925,Defense Finance and Accounting Service
30926,"URS Federal ServicesInternational, Inc"
30927,SVX
30928,Fondo Centroamericano de mujeres
30929,Pan American Development Foundation
30930,Crisis Action INC
30931,The Institute for InternationalCriminal Investigations (IICI)
30932,UNITED NATIONSDIVISION FOR THE ADVANCEMENT OFWOMEN
30933,Tomorrow’s Women
30934,Women and Media Collective*Blocked - bank key missing
30935,The Global Fund for Survivors of Conflict-Related Sexual Violence
30936,"Mirova Gigaton Fund S.A.,SICAV RAIF"
30937,International Institute on RaceEquality and Human Rights
30938,UNICEF CANADA
30939,UNDP - United Nations Development Programme – Mozambique
30940,The AHA Centre
30941,"IUCN, International Union forConservation of Nature and"
30942,International Criminal Court
30943,Stichting The Global Center on Adap
30944,BioDispoara Inc.
30945,National Institute forCommunicable Diseases (NICD)Division of the NHLS
30946,King's College London
32038,Middle East Scientific Institute for Security
32039,International Centre for InfectiousDiseases Inc.
32040,World Customs Organization
32041,International NGO Safety Org.
32042,Global Health Security Network Ltd
32043,Ministry of Health and Sanitation
32044,GUARD
33254,Department of National Defence
33417,Biothermica Technologies Inc.
33588,Embassy of Canada to Panama
33667,Embassy of Canada to Burma (Myanmar)
33670,Arctic Athabaskan Council Canada
33683,Danish Demining Group
33723,1561823 Ontario Ltd.
33732,Commonwealth Youth Programme
33743,United Nations Office on Drugs and Crime
33790,The Aspen Institute
33804,Community Forests International
33819,Ulula Canada Inc.
33821,Cégep Limoilou
33835,Bruce Power L.P.
33841,One Health Platform
33879,Intl Institute Strategic Studies
33880,British American SecurityInformation Council
33881,Swedish Radiation Safety Authority
33882,Health CanadaRadiation Protection Bureau
33883,"Guttmacher Institute, Inc."
33884,Center for Advanced Defense Studies
33885,PARLIAMENTARIANS FOR GLOBAL ACTION
33886,The German Marshall Fund of the United States
33887,Arms Control Association
33888,The Australia Group(AG)Secretariat
33889,Justice Institute of British Columb
33890,responsAbility CSAFS Fund
33891,Foundation for Innovative New Diagn
33892,ÉGIDES l’Alliance internationale francopho
33893,ILGA World
33894,Foundation for the Refugee Education Trust (RET)
33895,Consortium Lattanzio Advisory S.p.a& IDRC
33896,Beautiful World Canada Foundation
33897,OIKOS - Cooperation and Dvelopment
33898,Micronutrient Forum
33899,International Center for TropicalAgriculture
33900,The Adaptation Fund
33901,Cornell University
33902,Catholic Relief Services
33903,Rainbow Railroad
33904,"Mission Measurement, IncImpact Genome Project"
33905,Fondation Medicines Patent Pool
33906,International Union for Conservatio of Nature and Natural Resources
33907,PeaceGeeks Society
33908,Center for the Study of Islam& Democracy (CSID)
33909,LGBT Platform Suriname
33910,Stichting Lobi Health Center
33911,NGO National Coordinating Coalition Incorporated
33912,Humana People for People Belize
33913,BlueOrchard LAC GDI Fund
33914,Carnegie Endowment for InternationaPeace
33915,European Bank for Reconstructionand Development - Northern
33916,Global Citizens Care forUnderprivileged and Refugee
33917,Control Arms
33918,YMCA OF GREATER TORONTO
33919,Science and Technology Centerin Ukraine
33920,Coalition for Epidemic Preparedness
33921,People Demand Change Inc
33922,Caribbean Biodiversity Fund
33923,Saje Montréal Metro
33924,Chatham House The Royal Institute of Internationa
33925,Clarendon PDCBS
33926,Jamaica Association for the Deaf
33927,Bureau of Gender Affairs
33928,University of Washington
33929,International Association ofChiefs of Police
33930,United Nations Regional Centre for Peace and Disarmament
33931,Fisheries and Oceans
33932,Ground Truth Solutions
33933,Geneva Call Foundation
33934,Arctic Council Secretariat
33935,YUKON COLLEGE
33936,TaxCOOP
33937,International Federationof Biosafety Associations (IFBA)
33938,"TechnoServe, Inc."
33939,The Westminster Foundation for Democracy
33940,IBON Foundation Inc.
33941,Caribbean Regional Fisheries Mechan
33942,Canadian National Instituteof the BLind
33943,International centre for Biosaline Agriculture
33944,Asian University for Women SupportFoundation
33945,MONASH UNIVERSITY
33946,International Organization for Migr
33947,Private Infrastructure Development
33948,Foundation for Security andDevelopment in Africa
33949,Council of Europe
33950,Building Ukraine Together
33951,Fourth Freedom Forum
33952,Intl Finance Facility for Education
33953,Non-Governmental OrganisationINTERNEWS UKRAINE
33954,GLOBAL PARTNERS GOVERNANCE PRACTICELIMITED
33955,"Philippine Tropical ForestConservation Foundation, Inc."
33956,President and Fellows ofMiddlebury College
34241,Consulate of Canada - Yemen
34561,Good Neighbors Canada
34687,ARK Group DMCC
34749,Urgent Action Fund-Africa
35248,Conflict Armament Research Limited
35318,Office of the Special Envoy of the
35330,PATH
35344,Indigenous Clean EnergySocial Enterprise
35345,Aceli Africa Inc.
35346,United Charitable
35347,"How to Build Up, Inc"
35348,ALIANZA PARA LA PAZ ONG
35349,Henry L. Stimson Center
35350,Ecorys Nederland B.V
35351,"Social Investment Managersand Advisors, LLC"
35352,Caritas Dominica
35353,St. Lucia Social Development Fund
35354,Franciscan Institute for Personal and Family Development
35355,Marion House Inc
35356,Bird Studies Canada
35357,Aequitas-D GP IncDesjardins
35358,Middlebury Institute of Internation James Martin Centre for Nonprolifer
35359,Stitchting Mulokot
35360,Stitchting Villa Zapakara
35361,Blossom Incorporated
35362,Guyana Responsible Parenthood Association
35363,Clearwater Marine Aquarium Research Institute Belize
35364,Ya'axche Conservation Trust
35365,REGIONAL SECURITY SYSTEM
35366,FH Canada
